,MLP_Accuracy,MLP_Precision,MLP_Recall,MLP_Kappa
is_Knee_Issues,0.75,0.5357142857142857,0.1618705035971223,0.1475319168548649
is_Other_Upper_Limb_Issues,0.8961397058823529,0.18181818181818182,0.018867924528301886,0.016164655420761065
is_Other_Issues,0.9609375,0.0,0.0,-0.0035157775945138248
is_Leg_Issues,0.8947610294117647,0.375,0.013215859030837005,0.018561119339488785
is_Foot_Issues,0.9117647058823529,0.6666666666666666,0.010362694300518135,0.017741184657848463
is_Other_Lower_Limb_Issues,0.8988970588235294,0.3333333333333333,0.0045662100456621,0.006306070682791098
is_Ankle_Issues,0.8253676470588235,0.2857142857142857,0.03314917127071823,0.02570531733388637
is_Back_Issues,0.8878676470588235,0.0,0.0,0.0
