,MLP_Accuracy,MLP_Precision,MLP_Recall,MLP_Kappa
is_Knee_Issues,0.7463235294117647,0.5055555555555555,0.16425992779783394,0.1406495037717923
is_Ankle_Issues,0.8170955882352942,0.38461538461538464,0.025510204081632654,0.026019361571958055
is_Foot_Issues,0.9039522058823529,0.0,0.0,0.0
is_Leg_Issues,0.9016544117647058,0.0,0.0,0.0
is_Back_Issues,0.8883272058823529,0.0,0.0,0.0
is_Other_Upper_Limb_Issues,0.8713235294117647,0.0,0.0,0.0
is_Other_Lower_Limb_Issues,0.9145220588235294,0.0,0.0,0.0
is_Other_Issues,0.9669117647058824,0.0,0.0,0.0
